Date,Sales,Discount,Holiday,weekOfYear,weekOfMonth,dayOfWeek,dayOfWeekLabel
2018-01-01,15345484.499999989,1,1,1,0,Monday,1
2018-01-02,19592415.0,1,0,1,0,Tuesday,2
2018-01-03,18652527.0,1,0,1,0,Wednesday,3
2018-01-04,19956267.0,1,0,1,0,Thursday,4
2018-01-05,22902651.0,1,0,1,0,Friday,5
2018-01-06,16351956.0,0,0,1,0,Saturday,6
2018-01-07,18219249.0,0,0,1,0,Sunday,7
2018-01-08,15641283.0,0,0,2,1,Monday,1
2018-01-09,14197074.0,0,0,2,1,Tuesday,2
2018-01-10,14712108.0,0,0,2,1,Wednesday,3
2018-01-11,16565787.0,0,0,2,1,Thursday,4
2018-01-12,14737770.0,0,0,2,1,Friday,5
2018-01-13,20857848.0,1,0,2,1,Saturday,6
2018-01-14,20252261.370000005,1,1,2,1,Sunday,7
2018-01-15,18966564.0,1,0,3,2,Monday,1
2018-01-16,16488294.0,1,0,3,2,Tuesday,2
2018-01-17,18685467.0,1,0,3,2,Wednesday,3
2018-01-18,11687088.0,0,0,3,2,Thursday,4
2018-01-19,13250172.0,0,0,3,2,Friday,5
2018-01-20,15118365.0,0,0,3,2,Saturday,6
2018-01-21,14902944.0,0,0,3,2,Sunday,7
2018-01-22,14450475.959999992,0,1,4,3,Monday,1
2018-01-23,13687812.0,0,0,4,3,Tuesday,2
2018-01-24,11282559.0,0,0,4,3,Wednesday,3
2018-01-25,15071184.0,1,0,4,3,Thursday,4
2018-01-26,8544637.140000008,1,1,4,3,Friday,5
2018-01-27,17676906.0,1,0,4,3,Saturday,6
2018-01-28,24070617.0,1,0,4,3,Sunday,7
2018-01-29,20720280.0,1,0,5,4,Monday,1
2018-01-30,12217641.0,0,0,5,4,Tuesday,2
2018-01-31,11860150.889999995,0,1,5,4,Wednesday,3
2018-02-01,12023721.0,0,0,5,0,Thursday,4
2018-02-02,11912538.0,0,0,5,0,Friday,5
2018-02-03,14075436.0,0,0,5,0,Saturday,6
2018-02-04,14510955.0,0,0,5,0,Sunday,7
2018-02-05,11967330.0,0,0,6,1,Monday,1
2018-02-06,15577728.0,1,0,6,1,Tuesday,2
2018-02-07,14887227.0,1,0,6,1,Wednesday,3
2018-02-08,15529065.0,1,0,6,1,Thursday,4
2018-02-09,17135181.0,1,0,6,1,Friday,5
2018-02-10,16592092.950000005,1,1,6,1,Saturday,6
2018-02-11,14302785.0,0,0,6,1,Sunday,7
2018-02-12,12433194.0,0,0,7,2,Monday,1
2018-02-13,12412914.0,0,0,7,2,Tuesday,2
2018-02-14,12049936.919999994,0,1,7,2,Wednesday,3
2018-02-15,12937917.0,0,0,7,2,Thursday,4
2018-02-16,13640055.0,0,0,7,2,Friday,5
2018-02-17,14310783.0,0,0,7,2,Saturday,6
2018-02-18,21181416.0,1,0,7,2,Sunday,7
2018-02-19,20532469.26000001,1,1,8,3,Monday,1
2018-02-20,16960068.0,1,0,8,3,Tuesday,2
2018-02-21,19226871.0,1,0,8,3,Wednesday,3
2018-02-22,15454293.0,0,0,8,3,Thursday,4
2018-02-23,14341791.0,0,0,8,3,Friday,5
2018-02-24,15972708.0,0,0,8,3,Saturday,6
2018-02-25,15303216.0,0,0,8,3,Sunday,7
2018-02-26,14068716.0,0,0,9,4,Monday,1
2018-02-27,13704948.0,0,0,9,4,Tuesday,2
2018-02-28,14543655.0,1,0,9,4,Wednesday,3
2018-03-01,14120634.240000004,1,1,9,0,Thursday,4
2018-03-02,2165458.2899999986,1,1,9,0,Friday,5
2018-03-03,18448566.0,1,0,9,0,Saturday,6
2018-03-04,21236433.0,1,0,9,0,Sunday,7
2018-03-05,14281224.0,0,0,10,1,Monday,1
2018-03-06,14814756.0,0,0,10,1,Tuesday,2
2018-03-07,15357597.0,0,0,10,1,Wednesday,3
2018-03-08,13065249.0,0,0,10,1,Thursday,4
2018-03-09,12737448.0,0,0,10,1,Friday,5
2018-03-10,16360278.0,0,0,10,1,Saturday,6
2018-03-11,17570853.0,1,0,10,1,Sunday,7
2018-03-12,15684093.0,1,0,11,2,Monday,1
2018-03-13,15525570.0,1,0,11,2,Tuesday,2
2018-03-14,15765795.0,1,0,11,2,Wednesday,3
2018-03-15,18572256.0,1,0,11,2,Thursday,4
2018-03-16,17412255.0,0,0,11,2,Friday,5
2018-03-17,22324179.0,1,0,11,2,Saturday,6
2018-03-18,21668970.750000015,1,1,11,2,Sunday,7
2018-03-19,16691154.0,1,0,12,3,Monday,1
2018-03-20,18195132.0,1,0,12,3,Tuesday,2
2018-03-21,14007738.0,0,0,12,3,Wednesday,3
2018-03-22,11852319.0,0,0,12,3,Thursday,4
2018-03-23,12062124.0,0,0,12,3,Friday,5
2018-03-24,13883388.0,0,0,12,3,Saturday,6
2018-03-25,13472971.92,0,1,12,3,Sunday,7
2018-03-26,12503751.0,0,0,13,4,Monday,1
2018-03-27,13094226.0,0,0,13,4,Tuesday,2
2018-03-28,14691672.0,1,0,13,4,Wednesday,3
2018-03-29,14265426.570000008,1,1,13,4,Thursday,4
2018-03-30,11264967.900000008,1,1,13,4,Friday,5
2018-03-31,18710721.0,1,0,13,4,Saturday,6
2018-04-01,18166922.519999977,1,1,13,0,Sunday,7
2018-04-02,14569629.0,0,0,14,1,Monday,1
2018-04-03,12209307.0,0,0,14,1,Tuesday,2
2018-04-04,12576207.0,0,0,14,1,Wednesday,3
2018-04-05,12813417.0,0,0,14,1,Thursday,4
2018-04-06,14234181.0,0,0,14,1,Friday,5
2018-04-07,19623816.0,0,0,14,1,Saturday,6
2018-04-08,21883788.0,1,0,14,1,Sunday,7
2018-04-09,18500304.0,1,0,15,2,Monday,1
2018-04-10,19157115.0,1,0,15,2,Tuesday,2
2018-04-11,21300681.0,1,0,15,2,Wednesday,3
2018-04-12,15229818.0,0,0,15,2,Thursday,4
2018-04-13,12831450.0,0,0,15,2,Friday,5
2018-04-14,12457317.749999993,0,1,15,2,Saturday,6
2018-04-15,10594925.639999999,0,1,15,2,Sunday,7
2018-04-16,11928978.0,0,0,16,3,Monday,1
2018-04-17,12774732.0,0,0,16,3,Tuesday,2
2018-04-18,12723330.0,0,0,16,3,Wednesday,3
2018-04-19,14261076.0,1,0,16,3,Thursday,4
2018-04-20,14895594.0,1,0,16,3,Friday,5
2018-04-21,17473059.0,1,0,16,3,Saturday,6
2018-04-22,18444663.0,1,0,16,3,Sunday,7
2018-04-23,18500421.0,1,0,17,4,Monday,1
2018-04-24,14412999.0,0,0,17,4,Tuesday,2
2018-04-25,12550164.0,0,0,17,4,Wednesday,3
2018-04-26,12526755.0,0,0,17,4,Thursday,4
2018-04-27,12026901.0,0,0,17,4,Friday,5
2018-04-28,14243013.0,0,0,17,4,Saturday,6
2018-04-29,15054183.0,0,0,17,4,Sunday,7
2018-04-30,14581800.810000004,0,1,18,5,Monday,1
2018-05-01,16495362.0,1,0,18,0,Tuesday,2
2018-05-02,17180883.0,1,0,18,0,Wednesday,3
2018-05-03,17166135.0,1,0,18,0,Thursday,4
2018-05-04,18206790.0,1,0,18,0,Friday,5
2018-05-05,24441480.0,1,0,18,0,Saturday,6
2018-05-06,20349051.0,0,0,18,0,Sunday,7
2018-05-07,15215391.0,0,0,19,1,Monday,1
2018-05-08,14483241.0,0,0,19,1,Tuesday,2
2018-05-09,14030286.600000007,0,1,19,1,Wednesday,3
2018-05-10,12977484.0,0,0,19,1,Thursday,4
2018-05-11,12830817.0,0,0,19,1,Friday,5
2018-05-12,16231695.0,0,0,19,1,Saturday,6
2018-05-13,18446259.0,1,0,19,1,Sunday,7
2018-05-14,16653750.0,1,0,20,2,Monday,1
2018-05-15,16559967.0,1,0,20,2,Tuesday,2
2018-05-16,16169004.0,1,0,20,2,Wednesday,3
2018-05-17,18013866.0,1,0,20,2,Thursday,4
2018-05-18,16048995.0,0,0,20,2,Friday,5
2018-05-19,16989399.0,0,0,20,2,Saturday,6
2018-05-20,16335033.0,0,0,20,2,Sunday,7
2018-05-21,13918680.0,0,0,21,3,Monday,1
2018-05-22,13590396.0,0,0,21,3,Tuesday,2
2018-05-23,13793985.0,0,0,21,3,Wednesday,3
2018-05-24,14565546.0,0,0,21,3,Thursday,4
2018-05-25,16112733.0,1,0,21,3,Friday,5
2018-05-26,19573632.0,1,0,21,3,Saturday,6
2018-05-27,19740852.0,1,0,21,3,Sunday,7
2018-05-28,17830662.0,1,0,22,4,Monday,1
2018-05-29,19224447.0,1,0,22,4,Tuesday,2
2018-05-30,17300913.0,0,0,22,4,Wednesday,3
2018-05-31,17263551.0,1,0,22,4,Thursday,4
2018-06-01,17077740.0,1,0,22,0,Friday,5
2018-06-02,19393668.0,1,0,22,0,Saturday,6
2018-06-03,19565799.0,1,0,22,0,Sunday,7
2018-06-04,18330357.0,1,0,23,1,Monday,1
2018-06-05,14393973.0,0,0,23,1,Tuesday,2
2018-06-06,13029222.0,0,0,23,1,Wednesday,3
2018-06-07,13045080.0,0,0,23,1,Thursday,4
2018-06-08,12886242.0,0,0,23,1,Friday,5
2018-06-09,14919669.0,0,0,23,1,Saturday,6
2018-06-10,16210185.0,0,0,23,1,Sunday,7
2018-06-11,14210352.0,0,0,24,2,Monday,1
2018-06-12,16353573.0,1,0,24,2,Tuesday,2
2018-06-13,16603479.0,1,0,24,2,Wednesday,3
2018-06-14,15976260.0,1,0,24,2,Thursday,4
2018-06-15,15512933.190000003,1,1,24,2,Friday,5
2018-06-16,9978169.770000003,1,1,24,2,Saturday,6
2018-06-17,18278982.0,0,0,24,2,Sunday,7
2018-06-18,15717774.0,1,0,25,3,Monday,1
2018-06-19,16140684.0,1,0,25,3,Tuesday,2
2018-06-20,17786697.0,1,0,25,3,Wednesday,3
2018-06-21,20242395.0,1,0,25,3,Thursday,4
2018-06-22,18853707.0,1,0,25,3,Friday,5
2018-06-23,17480913.0,0,0,25,3,Saturday,6
2018-06-24,20001039.0,0,0,25,3,Sunday,7
2018-06-25,13242804.0,0,0,26,4,Monday,1
2018-06-26,15894768.0,0,0,26,4,Tuesday,2
2018-06-27,16371303.0,0,0,26,4,Wednesday,3
2018-06-28,14052795.0,0,0,26,4,Thursday,4
2018-06-29,14248626.0,0,0,26,4,Friday,5
2018-06-30,23728515.0,0,0,26,4,Saturday,6
2018-07-01,23945358.0,0,0,26,0,Sunday,7
2018-07-02,18890394.0,0,0,27,1,Monday,1
2018-07-03,18377211.0,1,0,27,1,Tuesday,2
2018-07-04,19373649.0,1,0,27,1,Wednesday,3
2018-07-05,19538289.0,1,0,27,1,Thursday,4
2018-07-06,19560669.0,1,0,27,1,Friday,5
2018-07-07,24055308.0,1,0,27,1,Saturday,6
2018-07-08,18650493.0,0,0,27,1,Sunday,7
2018-07-09,13554081.0,0,0,28,2,Monday,1
2018-07-10,13839621.0,0,0,28,2,Tuesday,2
2018-07-11,13766004.0,0,0,28,2,Wednesday,3
2018-07-12,14604288.0,0,0,28,2,Thursday,4
2018-07-13,15150003.0,0,0,28,2,Friday,5
2018-07-14,14711066.519999998,0,1,28,2,Saturday,6
2018-07-15,21109464.0,1,0,28,2,Sunday,7
2018-07-16,18970869.0,1,0,29,3,Monday,1
2018-07-17,16458309.0,1,0,29,3,Tuesday,2
2018-07-18,17946144.0,1,0,29,3,Wednesday,3
2018-07-19,18721923.0,1,0,29,3,Thursday,4
2018-07-20,15775503.0,0,0,29,3,Friday,5
2018-07-21,19369557.0,1,0,29,3,Saturday,6
2018-07-22,19120005.0,1,0,29,3,Sunday,7
2018-07-23,16101408.0,1,0,30,4,Monday,1
2018-07-24,15798297.0,1,0,30,4,Tuesday,2
2018-07-25,16900371.0,1,0,30,4,Wednesday,3
2018-07-26,13970886.0,0,0,30,4,Thursday,4
2018-07-27,13823877.0,0,0,30,4,Friday,5
2018-07-28,15320820.0,0,0,30,4,Saturday,6
2018-07-29,14846055.0,0,0,30,4,Sunday,7
2018-07-30,12126477.0,0,0,31,5,Monday,1
2018-07-31,12737472.0,0,0,31,5,Tuesday,2
2018-08-01,12346827.0,0,0,31,0,Wednesday,3
2018-08-02,14198166.0,1,0,31,0,Thursday,4
2018-08-03,14791482.0,1,0,31,0,Friday,5
2018-08-04,17813916.0,1,0,31,0,Saturday,6
2018-08-05,18127176.0,1,0,31,0,Sunday,7
2018-08-06,16291194.0,1,0,32,1,Monday,1
2018-08-07,14164593.0,1,0,32,1,Tuesday,2
2018-08-08,16176366.0,1,0,32,1,Wednesday,3
2018-08-09,15513465.0,1,0,32,1,Thursday,4
2018-08-10,17409294.0,1,0,32,1,Friday,5
2018-08-11,20969319.0,1,0,32,1,Saturday,6
2018-08-12,22427244.0,1,0,32,1,Sunday,7
2018-08-13,16880997.0,0,0,33,2,Monday,1
2018-08-14,13780119.0,0,0,33,2,Tuesday,2
2018-08-15,7044249.209999997,0,1,33,2,Wednesday,3
2018-08-16,12053889.0,0,0,33,2,Thursday,4
2018-08-17,11718931.170000007,0,1,33,2,Friday,5
2018-08-18,14363571.0,0,0,33,2,Saturday,6
2018-08-19,17130564.0,0,0,33,2,Sunday,7
2018-08-20,15459483.0,1,0,34,3,Monday,1
2018-08-21,15050769.0,1,0,34,3,Tuesday,2
2018-08-22,12902502.719999995,1,1,34,3,Wednesday,3
2018-08-23,17076024.0,1,0,34,3,Thursday,4
2018-08-24,12931530.0,0,0,34,3,Friday,5
2018-08-25,12537501.42,0,1,34,3,Saturday,6
2018-08-26,9787588.230000008,0,1,34,3,Sunday,7
2018-08-27,12047520.0,0,0,35,4,Monday,1
2018-08-28,11910750.0,0,0,35,4,Tuesday,2
2018-08-29,12579348.0,0,0,35,4,Wednesday,3
2018-08-30,12569739.0,0,0,35,4,Thursday,4
2018-08-31,14776356.0,1,0,35,4,Friday,5
2018-09-01,17718477.0,1,0,35,0,Saturday,6
2018-09-02,17578071.0,1,0,35,0,Sunday,7
2018-09-03,17036211.120000005,1,1,36,1,Monday,1
2018-09-04,19011822.0,1,0,36,1,Tuesday,2
2018-09-05,14827872.0,0,0,36,1,Wednesday,3
2018-09-06,15893895.0,1,0,36,1,Thursday,4
2018-09-07,15470667.0,1,0,36,1,Friday,5
2018-09-08,19634739.0,1,0,36,1,Saturday,6
2018-09-09,19172460.0,1,0,36,1,Sunday,7
2018-09-10,13351764.0,0,0,37,2,Monday,1
2018-09-11,12811320.0,0,0,37,2,Tuesday,2
2018-09-12,12629880.0,0,0,37,2,Wednesday,3
2018-09-13,10091665.499999998,0,1,37,2,Thursday,4
2018-09-14,12376968.0,0,0,37,2,Friday,5
2018-09-15,15247386.0,0,0,37,2,Saturday,6
2018-09-16,15771861.0,0,0,37,2,Sunday,7
2018-09-17,13656159.0,0,0,38,3,Monday,1
2018-09-18,13810623.0,1,0,38,3,Tuesday,2
2018-09-19,13887951.0,1,0,38,3,Wednesday,3
2018-09-20,14567595.0,1,0,38,3,Thursday,4
2018-09-21,14159820.179999998,1,1,38,3,Friday,5
2018-09-22,15541707.0,0,0,38,3,Saturday,6
2018-09-23,15356484.0,0,0,38,3,Sunday,7
2018-09-24,13103109.0,0,0,39,4,Monday,1
2018-09-25,12891336.0,0,0,39,4,Tuesday,2
2018-09-26,12930102.0,0,0,39,4,Wednesday,3
2018-09-27,13036530.0,0,0,39,4,Thursday,4
2018-09-28,14310276.0,0,0,39,4,Friday,5
2018-09-29,17004042.0,0,0,39,4,Saturday,6
2018-09-30,17418081.0,1,0,39,4,Sunday,7
2018-10-01,14646117.0,1,0,40,0,Monday,1
2018-10-02,10684439.64,1,1,40,0,Tuesday,2
2018-10-03,16342209.0,1,0,40,0,Wednesday,3
2018-10-04,13886007.0,0,0,40,0,Thursday,4
2018-10-05,14195442.0,0,0,40,0,Friday,5
2018-10-06,15727248.0,0,0,40,0,Saturday,6
2018-10-07,15117114.0,0,0,40,0,Sunday,7
2018-10-08,12315231.0,0,0,41,1,Monday,1
2018-10-09,13243134.0,0,0,41,1,Tuesday,2
2018-10-10,13733847.0,0,0,41,1,Wednesday,3
2018-10-11,13800000.0,0,0,41,1,Thursday,4
2018-10-12,14344572.0,1,0,41,1,Friday,5
2018-10-13,17174256.0,1,0,41,1,Saturday,6
2018-10-14,17715306.0,1,0,41,1,Sunday,7
2018-10-15,16009851.0,1,0,42,2,Monday,1
2018-10-16,15527380.349999998,0,1,42,2,Tuesday,2
2018-10-17,9624091.289999997,0,1,42,2,Wednesday,3
2018-10-18,9600084.180000007,0,1,42,2,Thursday,4
2018-10-19,7828439.550000008,0,1,42,2,Friday,5
2018-10-20,15305676.0,0,0,42,2,Saturday,6
2018-10-21,16347864.0,0,0,42,2,Sunday,7
2018-10-22,13832616.0,0,0,43,3,Monday,1
2018-10-23,14043156.0,0,0,43,3,Tuesday,2
2018-10-24,13642068.90000001,1,1,43,3,Wednesday,3
2018-10-25,14069673.0,1,0,43,3,Thursday,4
2018-10-26,14883156.0,1,0,43,3,Friday,5
2018-10-27,14437498.799999999,1,1,43,3,Saturday,6
2018-10-28,15749271.0,0,0,43,3,Sunday,7
2018-10-29,15107715.0,1,0,44,4,Monday,1
2018-10-30,16328790.0,1,0,44,4,Tuesday,2
2018-10-31,15891576.0,1,0,44,4,Wednesday,3
2018-11-01,16137054.0,1,0,44,0,Thursday,4
2018-11-02,16347015.0,1,0,44,0,Friday,5
2018-11-03,17206977.0,1,0,44,0,Saturday,6
2018-11-04,15432357.0,0,0,44,0,Sunday,7
2018-11-05,12148746.0,0,0,45,1,Monday,1
2018-11-06,11791165.259999996,0,1,45,1,Tuesday,2
2018-11-07,1762137.5699999998,0,1,45,1,Wednesday,3
2018-11-08,2199778.29,0,1,45,1,Thursday,4
2018-11-09,2162866.4699999993,0,1,45,1,Friday,5
2018-11-10,16348848.0,0,0,45,1,Saturday,6
2018-11-11,18133113.0,1,0,45,1,Sunday,7
2018-11-12,15694680.0,1,0,46,2,Monday,1
2018-11-13,15203537.489999996,1,1,46,2,Tuesday,2
2018-11-14,18445977.0,1,0,46,2,Wednesday,3
2018-11-15,13743123.0,0,0,46,2,Thursday,4
2018-11-16,13368123.0,0,0,46,2,Friday,5
2018-11-17,15303735.0,0,0,46,2,Saturday,6
2018-11-18,13219635.0,0,0,46,2,Sunday,7
2018-11-19,13547703.0,0,0,47,3,Monday,1
2018-11-20,13537062.0,0,0,47,3,Tuesday,2
2018-11-21,13136706.359999996,0,1,47,3,Wednesday,3
2018-11-22,13253418.0,0,0,47,3,Thursday,4
2018-11-23,12863970.870000001,1,1,47,3,Friday,5
2018-11-24,13100218.019999994,1,1,47,3,Saturday,6
2018-11-25,21856911.0,1,0,47,3,Sunday,7
2018-11-26,20627736.0,1,0,48,4,Monday,1
2018-11-27,16637412.0,1,0,48,4,Tuesday,2
2018-11-28,15904872.0,0,0,48,4,Wednesday,3
2018-11-29,15555645.0,0,0,48,4,Thursday,4
2018-11-30,13192017.0,0,0,48,4,Friday,5
2018-12-01,15129309.0,0,0,48,0,Saturday,6
2018-12-02,15250719.0,0,0,48,0,Sunday,7
2018-12-03,12737475.0,0,0,49,1,Monday,1
2018-12-04,15449391.0,0,0,49,1,Tuesday,2
2018-12-05,16151652.0,1,0,49,1,Wednesday,3
2018-12-06,16349193.0,1,0,49,1,Thursday,4
2018-12-07,16881444.0,1,0,49,1,Friday,5
2018-12-08,18758682.0,1,0,49,1,Saturday,6
2018-12-09,17216889.0,0,0,49,1,Sunday,7
2018-12-10,14842779.0,0,0,50,2,Monday,1
2018-12-11,15473973.0,0,0,50,2,Tuesday,2
2018-12-12,14421345.0,0,0,50,2,Wednesday,3
2018-12-13,14056371.0,0,0,50,2,Thursday,4
2018-12-14,14033496.0,0,0,50,2,Friday,5
2018-12-15,17312322.0,1,0,50,2,Saturday,6
2018-12-16,21371652.0,1,0,50,2,Sunday,7
2018-12-17,19524159.0,1,0,51,3,Monday,1
2018-12-18,20488767.0,1,0,51,3,Tuesday,2
2018-12-19,19551435.0,1,0,51,3,Wednesday,3
2018-12-20,19175292.0,0,0,51,3,Thursday,4
2018-12-21,18652500.0,0,0,51,3,Friday,5
2018-12-22,20133735.0,0,0,51,3,Saturday,6
2018-12-23,20975379.0,0,0,51,3,Sunday,7
2018-12-24,20311470.900000013,0,1,52,4,Monday,1
2018-12-25,2282732.999999999,0,1,52,4,Tuesday,2
2018-12-26,16289970.0,1,0,52,4,Wednesday,3
2018-12-27,16709661.0,1,0,52,4,Thursday,4
2018-12-28,17466273.0,1,0,52,4,Friday,5
2018-12-29,21794760.0,1,0,52,4,Saturday,6
2018-12-30,20404872.0,0,0,52,4,Sunday,7
2018-12-31,16690803.0,0,0,53,5,Monday,1
2019-01-01,13460293.95000001,0,1,0,0,Tuesday,2
2019-01-02,15626244.0,0,0,0,0,Wednesday,3
2019-01-03,16452147.0,0,0,0,0,Thursday,4
2019-01-04,17608086.0,0,0,0,0,Friday,5
2019-01-05,20272632.0,0,0,0,0,Saturday,6
2019-01-06,21128346.0,0,0,0,0,Sunday,7
2019-01-07,17714586.0,1,0,1,1,Monday,1
2019-01-08,17832507.0,1,0,1,1,Tuesday,2
2019-01-09,18987171.0,1,0,1,1,Wednesday,3
2019-01-10,19750278.0,1,0,1,1,Thursday,4
2019-01-11,19469091.0,1,0,1,1,Friday,5
2019-01-12,24039663.0,1,0,1,1,Saturday,6
2019-01-13,23345691.42000001,1,1,1,1,Sunday,7
2019-01-14,18515687.370000012,1,1,2,2,Monday,1
2019-01-15,15023775.870000005,1,1,2,2,Tuesday,2
2019-01-16,14620077.0,0,0,2,2,Wednesday,3
2019-01-17,12862629.0,0,0,2,2,Thursday,4
2019-01-18,12233679.0,0,0,2,2,Friday,5
2019-01-19,13977036.0,0,0,2,2,Saturday,6
2019-01-20,15078969.0,0,0,2,2,Sunday,7
2019-01-21,14194650.0,0,0,3,3,Monday,1
2019-01-22,15720726.0,0,0,3,3,Tuesday,2
2019-01-23,17049318.0,1,0,3,3,Wednesday,3
2019-01-24,17255256.0,1,0,3,3,Thursday,4
2019-01-25,18133215.0,1,0,3,3,Friday,5
2019-01-26,9917051.699999997,1,1,3,3,Saturday,6
2019-01-27,18371964.0,0,0,3,3,Sunday,7
2019-01-28,13532535.0,0,0,4,4,Monday,1
2019-01-29,13659495.0,0,0,4,4,Tuesday,2
2019-01-30,12783816.0,0,0,4,4,Wednesday,3
2019-01-31,12595659.0,0,0,4,4,Thursday,4
2019-02-01,13391145.0,0,0,4,0,Friday,5
2019-02-02,16509678.0,0,0,4,0,Saturday,6
2019-02-03,17892210.0,1,0,4,0,Sunday,7
2019-02-04,14768259.0,1,0,5,1,Monday,1
2019-02-05,15721386.0,1,0,5,1,Tuesday,2
2019-02-06,17189028.0,1,0,5,1,Wednesday,3
2019-02-07,16192275.0,1,0,5,1,Thursday,4
2019-02-08,13563603.0,0,0,5,1,Friday,5
2019-02-09,15422400.0,0,0,5,1,Saturday,6
2019-02-10,14943389.010000005,0,1,5,1,Sunday,7
2019-02-11,11648205.0,0,0,6,2,Monday,1
2019-02-12,12384495.0,0,0,6,2,Tuesday,2
2019-02-13,12457656.0,0,0,6,2,Wednesday,3
2019-02-14,13301838.0,0,0,6,2,Thursday,4
2019-02-15,14306637.0,1,0,6,2,Friday,5
2019-02-16,16993098.0,1,0,6,2,Saturday,6
2019-02-17,18342525.0,1,0,6,2,Sunday,7
2019-02-18,16319103.0,1,0,7,3,Monday,1
2019-02-19,15816166.049999997,1,1,7,3,Tuesday,2
2019-02-20,12800094.0,0,0,7,3,Wednesday,3
2019-02-21,12383694.0,0,0,7,3,Thursday,4
2019-02-22,11743965.0,0,0,7,3,Friday,5
2019-02-23,13887258.0,0,0,7,3,Saturday,6
2019-02-24,14207130.0,0,0,7,3,Sunday,7
2019-02-25,12518871.0,0,0,8,4,Monday,1
2019-02-26,13594095.0,0,0,8,4,Tuesday,2
2019-02-27,15197019.0,1,0,8,4,Wednesday,3
2019-02-28,15189495.0,1,0,8,4,Thursday,4
2019-03-01,14715307.530000005,1,1,8,0,Friday,5
2019-03-02,18707214.0,1,0,8,0,Saturday,6
2019-03-03,18993912.0,1,0,8,0,Sunday,7
2019-03-04,18435029.57999998,0,1,9,1,Monday,1
2019-03-05,12976719.0,0,0,9,1,Tuesday,2
2019-03-06,12454518.0,0,0,9,1,Wednesday,3
2019-03-07,12008772.0,0,0,9,1,Thursday,4
2019-03-08,12258222.0,0,0,9,1,Friday,5
2019-03-09,14260416.0,0,0,9,1,Saturday,6
2019-03-10,15136029.0,0,0,9,1,Sunday,7
2019-03-11,14841210.0,1,0,10,2,Monday,1
2019-03-12,15125649.0,1,0,10,2,Tuesday,2
2019-03-13,15725475.0,1,0,10,2,Wednesday,3
2019-03-14,17320749.0,1,0,10,2,Thursday,4
2019-03-15,14796600.0,0,0,10,2,Friday,5
2019-03-16,15608175.0,0,0,10,2,Saturday,6
2019-03-17,15180897.0,0,0,10,2,Sunday,7
2019-03-18,12534444.0,0,0,11,3,Monday,1
2019-03-19,12321786.0,0,0,11,3,Tuesday,2
2019-03-20,11959325.040000005,0,1,11,3,Wednesday,3
2019-03-21,1822462.1700000006,0,1,11,3,Thursday,4
2019-03-22,14149944.0,1,0,11,3,Friday,5
2019-03-23,17698635.0,1,0,11,3,Saturday,6
2019-03-24,18801276.0,1,0,11,3,Sunday,7
2019-03-25,17123754.0,1,0,12,4,Monday,1
2019-03-26,18624411.0,1,0,12,4,Tuesday,2
2019-03-27,15350445.0,0,0,12,4,Wednesday,3
2019-03-28,14320641.0,0,0,12,4,Thursday,4
2019-03-29,13419201.0,0,0,12,4,Friday,5
2019-03-30,14478648.0,0,0,12,4,Saturday,6
2019-03-31,14410761.0,0,0,12,4,Sunday,7
2019-04-01,12349737.0,0,0,13,0,Monday,1
2019-04-02,12138972.0,0,0,13,0,Tuesday,2
2019-04-03,13631253.0,1,0,13,0,Wednesday,3
2019-04-04,14147430.0,1,0,13,0,Thursday,4
2019-04-05,14900580.0,1,0,13,0,Friday,5
2019-04-06,14446139.49,1,1,13,0,Saturday,6
2019-04-07,20586318.0,1,0,13,0,Sunday,7
2019-04-08,14669022.0,0,0,14,1,Monday,1
2019-04-09,12873645.0,0,0,14,1,Tuesday,2
2019-04-10,12601281.0,0,0,14,1,Wednesday,3
2019-04-11,11954634.0,0,0,14,1,Thursday,4
2019-04-12,12159984.0,0,0,14,1,Friday,5
2019-04-13,11789937.509999998,0,1,14,1,Saturday,6
2019-04-14,10808490.090000011,0,1,14,1,Sunday,7
2019-04-15,10913978.310000004,1,1,15,2,Monday,1
2019-04-16,14800416.0,1,0,15,2,Tuesday,2
2019-04-17,14353118.219999991,1,1,15,2,Wednesday,3
2019-04-18,16272387.0,1,0,15,2,Thursday,4
2019-04-19,15768811.079999994,1,1,15,2,Friday,5
2019-04-20,17453427.0,0,0,15,2,Saturday,6
2019-04-21,16951109.190000005,0,1,15,2,Sunday,7
2019-04-22,14214354.0,0,0,16,3,Monday,1
2019-04-23,12129567.0,0,0,16,3,Tuesday,2
2019-04-24,14711301.0,0,0,16,3,Wednesday,3
2019-04-25,13413840.0,0,0,16,3,Thursday,4
2019-04-26,15159969.0,0,0,16,3,Friday,5
2019-04-27,17248350.0,0,0,16,3,Saturday,6
2019-04-28,21876561.0,0,0,16,3,Sunday,7
2019-04-29,17552880.0,0,0,17,4,Monday,1
2019-04-30,18519582.0,1,0,17,4,Tuesday,2
2019-05-01,22924065.0,1,0,17,0,Wednesday,3
2019-05-02,22203030.0,1,0,17,0,Thursday,4
2019-05-03,21873870.0,1,0,17,0,Friday,5
2019-05-04,26870817.0,1,0,17,0,Saturday,6
2019-05-05,21755484.0,0,0,17,0,Sunday,7
2019-05-06,17364180.0,0,0,18,1,Monday,1
2019-05-07,17058741.0,0,0,18,1,Tuesday,2
2019-05-08,15840252.0,0,0,18,1,Wednesday,3
2019-05-09,15362467.919999994,0,1,18,1,Thursday,4
2019-05-10,16318143.0,0,0,18,1,Friday,5
2019-05-11,18691137.0,0,0,18,1,Saturday,6
2019-05-12,20292558.0,1,0,18,1,Sunday,7
2019-05-13,18783642.0,1,0,19,2,Monday,1
2019-05-14,19353711.0,1,0,19,2,Tuesday,2
2019-05-15,19960656.0,1,0,19,2,Wednesday,3
2019-05-16,21445713.0,1,0,19,2,Thursday,4
2019-05-17,18456078.0,1,0,19,2,Friday,5
2019-05-18,17909160.599999998,0,1,19,2,Saturday,6
2019-05-19,19509138.0,0,0,19,2,Sunday,7
2019-05-20,15099840.0,0,0,20,3,Monday,1
2019-05-21,14807589.0,0,0,20,3,Tuesday,2
2019-05-22,14958597.0,0,0,20,3,Wednesday,3
2019-05-23,14721366.0,0,0,20,3,Thursday,4
2019-05-24,15948156.0,0,0,20,3,Friday,5
2019-05-25,19696350.0,1,0,20,3,Saturday,6
2019-05-26,20169666.0,1,0,20,3,Sunday,7
2019-05-27,17197023.0,1,0,21,4,Monday,1
2019-05-28,18652065.0,1,0,21,4,Tuesday,2
2019-05-29,16213497.0,1,0,21,4,Wednesday,3
2019-05-30,16082139.0,0,0,21,4,Thursday,4
2019-05-31,15601824.989999995,0,1,21,4,Friday,5
